,Unnamed: 0,Desc,primaryName
0,9948893,a black and white photo of a man in a suit,Jonathan Garrett Zech
1,3214797,a group of women in saris standing next to a banner,Susilaben Shah
2,9540106,a cartoon girl in a green dress and black hair,Chui-Ling Chan
3,11730894,a woman standing in the water with her arms outstretched,Lauren Lakin
4,10512694,an old photo of a man in a suit and tie,Jasper E. Price
5,9675507,a rugby player is running with the ball,Sam Robinson
6,8704394,er c meikik - interview,Eric Metelka
7,8727668,a woman with blonde hair and a blue shirt,Linda Smith
8,9137048,a black and white photo of a man wearing glasses,Ville Jegerhjelm
9,1773551,a woman sitting on a chair wearing a white shirt,Eleana Foteinatou
10,11554451,a painting of a man in a red shirt holding a rugby ball,Haydon Brunsdon
11,7070331,a woman with short hair and a necklace,Julie Blackie
12,4405626,a beautiful woman in a white bikini top,Christine Cottreau
13,9484893,a woman with short blonde hair smiling at the camera,Kirsten Carag
14,147177,a woman with a white shirt and a necklace,Silvina Chediek
15,5502876,an indian man with a beard and vest,Manesh Chakane
16,4993069,a portrait of a man in a suit and tie,Vladimir Orlov
17,13476475,a man holding a small piece of hair in his hand,Ludovic Petho
18,5547186,a beautiful young woman with red hair and earrings,Lee Eun Jung
19,4223735,a man in a red jersey,Patrick Kirkland
20,7366710,a black man with a beard and a smile,Brian Boyd Jr.
21,4547359,a man with glasses and a tie wearing a suit,József Aczél
22,12524010,a black and white photo of a man with a beard,Jim Miller
23,5462579,a man in a blue shirt standing in front of trees,Ryan Avery
24,3989146,a young man with a beard and an orange shirt,Luke Krispy
25,3527359,a small log cabin with a porch and a porch,Emanuel Lodge
26,3869255,a man in blue shirt standing in front of a painting,Manuel Torres
27,11978134,an old black and white photo of a man with a mustache,Antoine Swertvaegher
28,11165651,a woman in a black top and red skirt,Suqin Zhang
29,8414408,a woman in a sari standing in a room,Sainyam Khanna
30,11784109,painting - wild flowers by julie mcclure,Randi Wright-Mongold
31,13362558,a man holding a certificate in front of a store,Stefan Greve
32,12068561,a close up of a man with a suit and tie,Béla Hanzel
33,8504331,a man in a red shirt smiling in front of a mosaic,Sam Hachey
34,47759,man with long hair,Wesley Baldwin
35,12656353,a man with glasses and a suit standing in front of a poster,Amílcar de Sousa
36,8248393,a woman sitting on a couch with a smile on her face,Melanie Bower
37,7961452,a man in a blue uniform,Mauricio
38,820887,smo tron - ta bevere davidde,Simon Trevor
39,12564633,two men standing next to each other in front of a brick wall,Arif Shah
40,7702214,a painted miniature warhammer with a sword,August Orthaber
41,3783086,a painting of a man with white hair holding a book,Antoine Grimbert
42,5477715,a woman with glasses and a white shirt,Meng-hsuan Chen
43,11891595,a man in a suit and tie standing next to a sign,Blake Hoffman
44,8448532,a woman in a silver dress posing for the camera,Kristina Bright
45,9804812,a woman in a business suit smiling for the camera,Michele McLaughlin
46,2186362,a woman smiles in front of a colorful wall,Yabsira Megersa
47,8987312,a man in a suit and tie smiling for a photo,Adam Schreiber
48,6875424,an old black and white photo of a man in a suit,Tristan D. Lalla
49,2751413,two pictures of the same man with the same name,Urko Diaz
50,2502066,the cover of a book with the words deck zn on it,Dedrick Hendrix
51,3413620,a black and white photo of a man with a black jacket,Alexander Hazy
52,2372677,a man in a suit and tie smiling for the camera,Luis G Villanueva
53,9818198,a woman in a red dress posing for the camera,Natalie Vergara
54,7792117,a man holding a sign that says kostas koloman,Josh Kloosterman
55,9854994,a man wearing glasses and a polo shirt,Reydan Paguio
56,12669834,two pictures of a woman with a head wrap and earrings,Victoria Ubani
57,3596428,a black and white photo of a young man in a suit,Julian Michel Koberman
58,6488440,a black and white photo of a man in a suit,Frank Cappello
59,2313918,a woman with long hair smiling at the camera,Jordan Stahl
60,6645225,a woman in a red jacket sitting at a desk,Sarah McCombs
61,12104338,a woman with a blue scarf and a black jacket,Cathrine Würtz
62,2172946,a man in a suit and tie smiling,Bruno Moritz
63,8117925,fearams to pat butts,James Firth
64,784828,a man with a mustache,Tom Petry Strauss
65,11994105,a man riding a motorcycle,Jason Silvia
66,11137722,a man standing in a field with a fence in the background,Joshua Dillon
67,9050824,a man in a yellow and blue jersey standing on a soccer field,Ricardo Riquelme
68,57196,a woman with short hair and a white shirt,Marianne Basler
69,13405507,a man and woman posing for a photo under a tree,GeeJay
70,9031274,a man in a suit and tie with a blue tie,Oscar Marroquin
71,6221316,a man in a white robe and glasses standing in front of a brown background,Ameen Almutawa
72,1640295,a silver racing car on a track with a yellow background,Dave Mears
73,4190412,two neon lights are hanging on a wall,Roger Diez
74,3677385,a cartoon mouse with a green dress and pink shoes,Rozmr
75,12971922,a sign that says alo,Paulo Vita
76,6653158,a black and white photo of a man wearing a headband,Omar Leon
77,4341670,a man with glasses and a black t - shirt,David Ng
78,6949003,a woman in a white tank top and shorts is posing for the camera,Cindy Cruzen
79,6156224,a man wearing a blue and orange jacket,Willy Lee Smith
80,705603,a man in a blue shirt smiling at the camera,Víctor Rueda
81,6672014,a black and white photo of a woman with long hair,Audrey Schoellhammer
82,1468755,a man with glasses and a red sweater,Hakan Cakallioglu
83,2917962,a painting of a man in a gray coat,Pierre Antoine Naline
84,2795012,a man wearing a tie,Sajib Shah Newaz
85,972147,a man with glasses and a black shirt,John Campos
86,4256723,a painting of a woman with short hair and a smile,Elizabeth Bundick
87,5769101,australia vs australia - eurocup,Pero Panjkovic
88,1389848,a young boy with brown eyes and a blue jacket,Christian Thomas
89,10146285,a black and white photo of a man in a suit,Ismael Geiger
90,7787059,a woman in an orange jacket standing in the snow,Marje Jurtsenko
91,6902239,a man standing in front of a park with grass,Moisés Ruíz
92,8604172,a black and white photo of a man in a suit,Viljo Tilli
93,8112821,aerial view of hong kong city skyline,Ria De Janeiro
94,11262191,a black and white photo of a man in a suit,Balázs Kroó
95,7999701,three men standing next to each other in a field,Dave Barton Thomas
96,1752318,the interior of a large building with ornate ceilings,Deva
97,12341006,a black and white photo of a man in a suit,Francisco Méndez
98,13182389,a bird with a purple ball on its head and the words wrwetet,Kirsten Wight
99,6983758,a woman in a red tank top and black pants standing in a field,Deanna Reed-Foster
