,Name
11659434,Andrea Martinez
10692293,Mickey
2155843,Paris Molokwu
8229746,Britta Weigert
8506998,Jason Mathoora
5168738,Hana Derdzic
13071010,Jessica Wee
5238683,Paulette Ceara
4069702,Gabriel Ino Corona
6214479,Shizuka Chiga
6785514,Lauren Cruickshank
1025040,Ilkin Yusif
4127924,Carelia Stærk Larsen
7698962,Stu Miller
1190935,Zhou Yanqin
3206450,Mya Zan
1974876,Micheste Riggil
5892152,Jennifer Richard
6157566,Wan Chi
6344356,Cooper Chamberlain
2489582,Süleyman Özalp
5354964,Purvis Cornish
6928056,Ronald G. Johnson Jr.
11695754,Vicky Knowles
1813913,Tamas Shrier
871012,Handel Whitmore
8201401,Murughan
1948904,Carlee Sincavage
4324817,Ke'Niya Wiseman
8102262,Aurélien Prudot-d'Avigny
12160216,Michaël Stephan Italiano
7205068,Mona Sethi
208315,Joey Dente
7689371,Francisco Muñoz
3730297,Jou
12775933,Kristiane Korneliussen
12261765,Rose Alatorre
5000871,Dominico Simonetta
5989567,Kristine Javier
8783832,Andrea Prince
5241837,Daniel Diehl
2014831,Marcelin Bossou
5211042,Jak
944432,Radoslaw Kotapka
5772661,Nader Wahabi
6179619,Yana Izgarsheva
3853425,Sevine Sabbah
7747770,Michael Guldhammer
643362,Alain Pierre
77928,Sylvaine Bigard
6848385,Roberta Pereira
3417064,Clarissa Cowles
4535704,Cristiano Bonora
4335555,Sukriti Kohli
10671824,Danijela Stankovic
1099263,Yilmaz Yaldiz
6895854,Stephanie Fauber
11856262,Chandler McGovern
13119859,Rácz Balázs
8246318,Charlene Loh
12006348,Yves Leclair
6370264,MrHiboo
3489547,Seryozha Klenin
12210305,Erica Monroy
11279171,Agustina Stornini
4685753,Meagan Wang
6343009,Chingonjetso Katengeza
7387999,Chris Kesel
2701398,Lauren Coccaro
5764633,Adalberto Lujan
4261551,Mohammed Alansary
10233748,Nilendu Haldar
11285417,Stefanos Tsibourlas
8538094,Daniel Zimbler
2340093,Swasti Ghosh
1577244,Rudolph Lanzinger
5266294,Jakub Poterala
8582379,Fabián Abad
12718529,Jared Phillips
13256975,Rosalyn Steiner
12638702,James Denzer
4459750,Sabith 'Bunny' Cohen
11317949,Peter Flaherty
10783867,Monsieur Hue
195133,Giorgi Davitashvili
11550725,Frédéric Buffaras
2588241,Romano Candillo
9660670,Emmett Hughes
12754127,We Are Thomasse
3185360,Pierre Lavoie
6308874,Robert Cromwell
6234028,Marcos Tripodi
12936912,Steve Lee
5045711,Darya Yushina
4674116,Dave Andres
1404663,Abhilash Muthukad
6168666,Houcine Guendouz
12032394,Ibrahim Dweiken
9866858,Sophia Juarbe
433270,Margit Klefbom
